video,stage,shoulder_width,feet_width,knee_width,ratio_feet_shoulder,ratio_knee_feet
squat_right_1.mp4,down,0.07900157379045118,0.10488392190997008,0.09917131035841023,1.3,0.9
squat_right_1.mp4,down,0.079099959342129,0.10451616834641601,0.1020529521218157,1.3,1.0
squat_right_1.mp4,down,0.07922809047499353,0.10358507781462692,0.10487431688261849,1.3,1.0
squat_right_1.mp4,down,0.07908491283158518,0.10327791924742573,0.10983651770233534,1.3,1.1
squat_right_1.mp4,down,0.07943787486997256,0.10236139074734621,0.1103283547535424,1.3,1.1
squat_right_1.mp4,down,0.0796312326596818,0.10352362998065016,0.11169569217046899,1.3,1.1
squat_right_1.mp4,down,0.07976885212381332,0.10438510302956704,0.11183981391892878,1.3,1.1
squat_right_1.mp4,down,0.07965648711712184,0.10484775251476101,0.11195868113774506,1.3,1.1
squat_right_1.mp4,down,0.07986004676006832,0.1044974607096528,0.1126189704187262,1.3,1.1
squat_right_1.mp4,down,0.08002349914324418,0.10274568750958576,0.11261437880050003,1.3,1.1
squat_right_1.mp4,down,0.08035938275035046,0.10223185282179051,0.11246607468313234,1.3,1.1
squat_right_1.mp4,down,0.08028804328241364,0.10250307787855974,0.11234306564655701,1.3,1.1
squat_right_1.mp4,down,0.0803315134338432,0.1013422447816373,0.11103193506018261,1.3,1.1
squat_right_1.mp4,down,0.08028667883622022,0.10063375116214562,0.1105256892981635,1.3,1.1
squat_right_1.mp4,down,0.08021550196912805,0.10068942498423888,0.11063974917488265,1.3,1.1
squat_right_1.mp4,down,0.08023460346713236,0.1009460924734128,0.11140158309540857,1.3,1.1
squat_right_1.mp4,down,0.08017647900600464,0.10225479994357138,0.11262113281918737,1.3,1.1
squat_right_1.mp4,down,0.08021398724296028,0.10523394888894844,0.11256778447155004,1.3,1.1
squat_right_1.mp4,down,0.0800886800084938,0.10573612295999933,0.11204666499822134,1.3,1.1
squat_right_1.mp4,down,0.0797130867128098,0.10587132771066134,0.11016844797346038,1.3,1.0
squat_right_1.mp4,down,0.07988535813171953,0.10643354643729185,0.10736787718556373,1.3,1.0
squat_right_1.mp4,down,0.08011690872302397,0.1062294744064053,0.10691412502781054,1.3,1.0
squat_right_1.mp4,down,0.07994328060234247,0.10634098456244274,0.1063635160618179,1.3,1.0
squat_right_1.mp4,down,0.07955096118599661,0.10748404284610998,0.10497179640812039,1.4,1.0
squat_right_1.mp4,down,0.079144363560667,0.10808944523095221,0.10342339505961068,1.4,1.0
squat_right_1.mp4,down,0.07843371821063762,0.1084565979456547,0.09917481748620462,1.4,0.9
squat_right_1.mp4,down,0.07963889472368517,0.10729732759939958,0.10114131998421591,1.3,0.9
squat_right_1.mp4,down,0.08026044902267161,0.10737606989693466,0.09968564157592937,1.3,0.9
squat_right_1.mp4,down,0.08047822894429132,0.10623495057516076,0.09954793013293955,1.3,0.9
squat_right_1.mp4,down,0.08057104102088615,0.10485197429732869,0.10079453603264774,1.3,1.0
squat_right_1.mp4,middle,0.08157859042980259,0.10136844082966812,0.10294148394422488,1.2,1.0
squat_right_1.mp4,up,0.07971407155581003,0.10309266378942428,0.09801092519205365,1.3,1.0
squat_right_1.mp4,up,0.07676607705902357,0.10261093484485351,0.09388983903988735,1.3,0.9
squat_right_1.mp4,up,0.07665889398444606,0.09849355262469187,0.08294145089962876,1.3,0.8
squat_right_1.mp4,up,0.07888534449214381,0.0994641936429043,0.0725266833086746,1.3,0.7
squat_right_1.mp4,up,0.07894624757758832,0.1009622993950332,0.06552567918342087,1.3,0.6
squat_right_1.mp4,up,0.07998182235640845,0.1020285470743932,0.06307240644861928,1.3,0.6
squat_right_1.mp4,up,0.08080565639009826,0.10280521823964912,0.06467941197421856,1.3,0.6
squat_right_1.mp4,up,0.08194924709802662,0.10270263312226344,0.06450542526414359,1.3,0.6
squat_right_1.mp4,up,0.0822573878469612,0.1023699688946787,0.06535197769734802,1.2,0.6
squat_right_1.mp4,up,0.08175829332724538,0.10247910132361765,0.06639753397269943,1.3,0.6
squat_right_1.mp4,up,0.08019922586744083,0.10264279178832458,0.0665944462070935,1.3,0.6
squat_right_1.mp4,up,0.07911244083208487,0.10306166144352275,0.06715644262917038,1.3,0.7
squat_right_1.mp4,up,0.07852090038101552,0.1036522350151125,0.06961880339584803,1.3,0.7
squat_right_1.mp4,up,0.07866684155667202,0.10345773949156116,0.07301303107276806,1.3,0.7
squat_right_1.mp4,up,0.07866140540081601,0.10364108124008636,0.07688772955912344,1.3,0.7
squat_right_1.mp4,up,0.07689455946959532,0.10415407813932491,0.07953201371547387,1.4,0.8
squat_right_1.mp4,up,0.07588544261700025,0.10451737825481966,0.08045308537102713,1.4,0.8
squat_right_1.mp4,up,0.07537130788583155,0.1045281540378738,0.0815968973110843,1.4,0.8
squat_right_1.mp4,up,0.07536691256793647,0.10481879670124707,0.08363766024396173,1.4,0.8
squat_right_1.mp4,up,0.07574187107159445,0.1047017056750745,0.08610963074337587,1.4,0.8
squat_right_1.mp4,up,0.07640153107274858,0.10458978303738181,0.08807583995117899,1.4,0.8
squat_right_1.mp4,up,0.07665870674246367,0.1043120330757141,0.0889701679890921,1.4,0.9
squat_right_1.mp4,up,0.07646414737666116,0.10398708153365367,0.09004335292141634,1.4,0.9
squat_right_1.mp4,up,0.07722950460462454,0.10396866521166333,0.09067226296378597,1.3,0.9
squat_right_1.mp4,up,0.07888564694798579,0.10262971807660683,0.09187023224498919,1.3,0.9
squat_right_1.mp4,up,0.07886885313498526,0.10257571944896046,0.09264452918301719,1.3,0.9
squat_right_1.mp4,up,0.0785779253878729,0.1021995807102088,0.09294263202649117,1.3,0.9
squat_right_1.mp4,up,0.07794463742639116,0.1028618591722241,0.09332030457495823,1.3,0.9
squat_right_1.mp4,up,0.0780222127205853,0.10352363006620469,0.09436664667838057,1.3,0.9
squat_right_1.mp4,up,0.07806311507836837,0.10293894168401725,0.09560887389926571,1.3,0.9
squat_right_1.mp4,up,0.07829191366393407,0.10283967715459415,0.09592449713035633,1.3,0.9
squat_right_1.mp4,up,0.07872041615355142,0.10270960635254803,0.0962287408301559,1.3,0.9
squat_right_1.mp4,up,0.07934917707343928,0.1030165800795393,0.0968786059705371,1.3,0.9
squat_right_1.mp4,up,0.07938418748705314,0.103428843156045,0.0970336727634482,1.3,0.9
squat_right_1.mp4,up,0.07948261435737639,0.10391152697972447,0.09620870856541926,1.3,0.9
squat_right_1.mp4,up,0.07956191377916418,0.10412803070253394,0.09590830195907303,1.3,0.9
squat_right_1.mp4,up,0.07940782867172917,0.10421361496296092,0.09541068336627348,1.3,0.9
squat_right_1.mp4,middle,0.0794908324351823,0.10461208959697628,0.09556414611913899,1.3,0.9
squat_right_1.mp4,middle,0.07931289276976165,0.10471861520266684,0.0957604113052634,1.3,0.9
squat_right_1.mp4,middle,0.0791195396578446,0.10504385876828497,0.0958324595627138,1.3,0.9
squat_right_1.mp4,middle,0.07911601154450795,0.10334084227083462,0.09583281137596066,1.3,0.9
squat_right_1.mp4,middle,0.07917497032957031,0.10277582362248469,0.0959196281744402,1.3,0.9
squat_right_1.mp4,middle,0.07940840807646456,0.10247449359295532,0.09594896511564983,1.3,0.9
squat_right_1.mp4,middle,0.07958769517588896,0.10215587684943486,0.09610998241828426,1.3,0.9
squat_right_1.mp4,middle,0.07968675869189416,0.1021962819291972,0.09588795503548776,1.3,0.9
squat_right_1.mp4,middle,0.0795737418631659,0.10315569289700267,0.09522172981104264,1.3,0.9
squat_right_1.mp4,middle,0.07963450836206944,0.10285875545195668,0.09535711098157634,1.3,0.9
squat_right_1.mp4,middle,0.0794210712660868,0.10236130965677166,0.09502955295061935,1.3,0.9
squat_right_1.mp4,middle,0.07932825013872213,0.10210235445232715,0.09524372772099839,1.3,0.9
squat_right_1.mp4,middle,0.07967597897821385,0.1024965964066763,0.09575369401754502,1.3,0.9
squat_right_1.mp4,down,0.07992542891303946,0.10310509601411905,0.09584358136118613,1.3,0.9
squat_right_1.mp4,down,0.08028354828965012,0.1029226077007968,0.09648124190556823,1.3,0.9
squat_right_1.mp4,down,0.08026601689702763,0.10176826780146397,0.09666290249605959,1.3,0.9
squat_right_1.mp4,down,0.08039690915375378,0.10176227112863064,0.09677791003815511,1.3,1.0
squat_right_1.mp4,down,0.08051203911938648,0.102084130578379,0.09682615385902353,1.3,0.9
squat_right_1.mp4,down,0.08055227777325677,0.10391217234370365,0.09582175359453589,1.3,0.9
squat_right_1.mp4,down,0.08026281154021837,0.10505320768756854,0.0949301574051487,1.3,0.9
squat_right_1.mp4,down,0.07978629205552729,0.10446891882798358,0.09534186433470677,1.3,0.9
squat_right_1.mp4,down,0.07970598702046988,0.10335743923323155,0.09640431832928117,1.3,0.9
squat_right_1.mp4,down,0.07954328768923798,0.103716242856193,0.09800177699781493,1.3,0.9
squat_right_1.mp4,down,0.0796759215816709,0.1039364274611518,0.09955204499972699,1.3,1.0
squat_right_1.mp4,down,0.07953093964114617,0.10406059802103886,0.1001656707255836,1.3,1.0
squat_right_1.mp4,down,0.07898868457106951,0.10171370122205416,0.10025114605530783,1.3,1.0
squat_right_1.mp4,down,0.078603059725738,0.10079823374212868,0.10129881184435469,1.3,1.0
squat_right_1.mp4,down,0.07892760159918298,0.1015909980404766,0.10447227274439608,1.3,1.0
squat_right_1.mp4,down,0.07900568256073527,0.10274210158586473,0.10466606937685557,1.3,1.0
squat_right_1.mp4,down,0.0789186809937085,0.10321525987418738,0.10604226697457153,1.3,1.0
squat_right_1.mp4,down,0.07892513183406838,0.10426024412800926,0.1064939851058455,1.3,1.0
squat_right_1.mp4,down,0.0788513990890349,0.10522552599891641,0.10627413936140835,1.3,1.0
squat_right_1.mp4,down,0.07875229680487295,0.10641191720686555,0.1070019257731662,1.4,1.0
squat_right_1.mp4,down,0.07942160687650772,0.10592484668400222,0.1059628662370444,1.3,1.0
squat_right_1.mp4,down,0.07974305912614138,0.10531442092215339,0.10495468392849708,1.3,1.0
squat_right_1.mp4,down,0.07990366502230647,0.1048762565149283,0.10455390634703006,1.3,1.0
squat_right_1.mp4,down,0.0799587523998704,0.10370752382155174,0.1041342514647442,1.3,1.0
squat_right_1.mp4,down,0.08056076712927494,0.10219383372549817,0.10280760162081368,1.3,1.0
squat_right_1.mp4,down,0.08053685031774496,0.10083589473702806,0.10223520173477937,1.3,1.0
squat_right_1.mp4,down,0.08042625069221068,0.0990170740327384,0.10197354220487574,1.2,1.0
squat_right_1.mp4,down,0.08092885962010465,0.09803291709971705,0.10166303752267856,1.2,1.0
squat_right_1.mp4,down,0.08102836565174788,0.09830751993936054,0.10156498649031555,1.2,1.0
squat_right_1.mp4,down,0.0811785745283693,0.10234552517834532,0.10146305619460359,1.3,1.0
squat_right_1.mp4,down,0.08119587832999195,0.10468298232714103,0.10086705239773257,1.3,1.0
squat_right_1.mp4,down,0.08112299774018902,0.10492027689662016,0.10058466237073861,1.3,1.0
squat_right_1.mp4,down,0.08086624636276564,0.10504932263485783,0.09766859101984926,1.3,0.9
squat_right_1.mp4,down,0.08054632605660479,0.10505190000383903,0.09498733783292493,1.3,0.9
squat_right_1.mp4,down,0.08033368691365295,0.10652736589299958,0.08778514679388277,1.3,0.8
squat_right_1.mp4,down,0.079435387579141,0.10669634542428078,0.08405886324353211,1.3,0.8
squat_right_1.mp4,down,0.0788027357064882,0.10644333012721365,0.09089412942833704,1.4,0.9
squat_right_1.mp4,down,0.07917056661457618,0.10616415204406335,0.09350859637758789,1.3,0.9
squat_right_1.mp4,down,0.07928909793070231,0.10794762887849989,0.09637660471618233,1.4,0.9
squat_right_1.mp4,down,0.07889771885011024,0.10526128283753834,0.10160877708360248,1.3,1.0
squat_right_1.mp4,middle,0.08156249121451217,0.10198077860529357,0.10132537863538704,1.3,1.0
squat_right_1.mp4,middle,0.08192553052282803,0.10268092049085416,0.09692386262897774,1.3,0.9
squat_right_1.mp4,up,0.08036604855225755,0.10287890003567285,0.08979424479253516,1.3,0.9
squat_right_1.mp4,up,0.07770934825093172,0.10140862987119145,0.08675483631071261,1.3,0.9
squat_right_1.mp4,up,0.07790880769159635,0.10205681016952377,0.07755030942550417,1.3,0.8
squat_right_1.mp4,up,0.07671863555512379,0.10350035774050823,0.07201733788088373,1.3,0.7
squat_right_1.mp4,up,0.07648736203866285,0.1040606737960904,0.06744435919959024,1.4,0.6
squat_right_1.mp4,up,0.07687852476822125,0.10356064263428053,0.06682105519353877,1.3,0.6
squat_right_1.mp4,up,0.07755849799117454,0.10272258886725895,0.06644460866181191,1.3,0.6
squat_right_1.mp4,up,0.07796837320730854,0.10247302123952981,0.06609485082861029,1.3,0.6
squat_right_1.mp4,up,0.07811257236296189,0.10225784363961689,0.06633144738490544,1.3,0.6
squat_right_1.mp4,up,0.07794884176673833,0.10221856469128025,0.06683603087005563,1.3,0.7
squat_right_1.mp4,up,0.07805350372801974,0.1028148700193365,0.06876662994933304,1.3,0.7
squat_right_1.mp4,up,0.07845939301513004,0.10295255658055112,0.07064618712440146,1.3,0.7
squat_right_1.mp4,up,0.07919727624823619,0.1028184312094742,0.07278421612498069,1.3,0.7
squat_right_1.mp4,up,0.07985149340807009,0.10251647888127348,0.07611580746276873,1.3,0.7
squat_right_1.mp4,up,0.07990561645352873,0.10256586796023796,0.07683422640435403,1.3,0.7
squat_right_1.mp4,up,0.0801211508364905,0.10257579234666174,0.077385659604724,1.3,0.8
squat_right_1.mp4,up,0.08013208336956858,0.10274396742419253,0.07810363401117981,1.3,0.8
squat_right_1.mp4,up,0.08018973900324923,0.10240258137150317,0.08053771621458218,1.3,0.8
squat_right_1.mp4,up,0.08054900647325966,0.10310793249662048,0.08281571594715303,1.3,0.8
squat_right_1.mp4,up,0.08062834339745652,0.103492677315587,0.08444372756217497,1.3,0.8
squat_right_1.mp4,up,0.08073255636266871,0.10565075832164846,0.08631152824959765,1.3,0.8
squat_right_1.mp4,up,0.08051527153407728,0.10645673249903279,0.08877640439974895,1.3,0.8
squat_right_1.mp4,up,0.08019544431128903,0.10740583185374825,0.09125487443827117,1.3,0.8
squat_right_1.mp4,up,0.08028629038540536,0.10702270458803019,0.09346906801893634,1.3,0.9
squat_right_1.mp4,up,0.07997123401277596,0.10692436740816368,0.09412628664805812,1.3,0.9
squat_right_1.mp4,up,0.07977123328379371,0.10604334675840178,0.09487715354530114,1.3,0.9
squat_right_1.mp4,up,0.07963288638567563,0.10494471537384883,0.09655073411109613,1.3,0.9
squat_right_1.mp4,up,0.07920068103870734,0.10389649867077959,0.09660856964041471,1.3,0.9
squat_right_1.mp4,up,0.07874042053364692,0.10374652858188645,0.09644522102208171,1.3,0.9
squat_right_1.mp4,up,0.07822392030545315,0.10403310241787841,0.09737846012022247,1.3,0.9
squat_right_1.mp4,up,0.07779490420405995,0.10443603621103768,0.09771562094124267,1.3,0.9
squat_right_1.mp4,up,0.07747513439210078,0.10452626126081364,0.09765341822645257,1.3,0.9
squat_right_1.mp4,up,0.07768885585819987,0.10153328009396749,0.09780290462795979,1.3,1.0
squat_right_1.mp4,up,0.07760026307257885,0.10106190465244283,0.09774150433220893,1.3,1.0
squat_right_2.mp4,down,0.07416995424933903,0.14982111377497,0.11362779775813704,2.0,0.8
squat_right_2.mp4,up,0.07460379982556115,0.15277069325767853,0.10727386176535543,2.0,0.7
squat_right_2.mp4,up,0.07384794204409036,0.1537856678720855,0.10510845315308703,2.1,0.7
squat_right_2.mp4,up,0.07394511016832997,0.15319276711911167,0.10210703017006892,2.1,0.7
squat_right_2.mp4,up,0.0742910233770355,0.1499811996234051,0.08971131072741416,2.0,0.6
squat_right_2.mp4,up,0.07566406799015213,0.14836933401492275,0.08391950558758615,2.0,0.6
squat_right_2.mp4,up,0.07638873301030101,0.14710402451278323,0.0813616516108229,1.9,0.6
squat_right_2.mp4,up,0.07901033485312507,0.14703081923365846,0.0818444439500471,1.9,0.6
squat_right_2.mp4,up,0.07909442091127637,0.1470480910262371,0.08182036435622025,1.9,0.6
squat_right_2.mp4,up,0.07802489029357212,0.14704713558324833,0.08218543106405776,1.9,0.6
squat_right_2.mp4,up,0.07758021676664836,0.1471598827292174,0.08235059935107214,1.9,0.6
squat_right_2.mp4,up,0.07731325908534967,0.14768709148512535,0.08215035605944769,1.9,0.6
squat_right_2.mp4,up,0.07721952507732213,0.14803537493068472,0.08190338636640701,1.9,0.6
squat_right_2.mp4,up,0.07704733132173233,0.1481735791635695,0.08167538146035616,1.9,0.6
squat_right_2.mp4,up,0.07706649431101019,0.14825302850739064,0.08156781269898657,1.9,0.6
squat_right_2.mp4,up,0.07695125896829429,0.14850821154192295,0.08319862203836567,1.9,0.6
squat_right_2.mp4,up,0.07612278463210399,0.14914174087610374,0.08561226970298644,2.0,0.6
squat_right_2.mp4,up,0.07570522568631881,0.1498950098057692,0.08856427112599667,2.0,0.6
squat_right_2.mp4,up,0.07580434815023049,0.14996954499533244,0.09098044644440446,2.0,0.6
squat_right_2.mp4,up,0.07593406922788438,0.1492384133663956,0.09361858411637632,2.0,0.6
squat_right_2.mp4,up,0.07606505290369772,0.1491759341079849,0.09663195858348873,2.0,0.6
squat_right_2.mp4,middle,0.07714687169317329,0.14907913290383934,0.10186046964321412,1.9,0.7
squat_right_2.mp4,middle,0.07835254779613568,0.1504045003852163,0.10462721573832978,1.9,0.7
squat_right_2.mp4,down,0.07621309970662528,0.15076810551684938,0.10662682658580114,2.0,0.7
squat_right_2.mp4,down,0.07495549806118847,0.15067592412260025,0.10705981599568917,2.0,0.7
squat_right_2.mp4,down,0.0747050212919814,0.14954569249671315,0.10844823002219049,2.0,0.7
squat_right_2.mp4,down,0.07537349535639344,0.15068683558321955,0.10948197305115932,2.0,0.7
squat_right_2.mp4,down,0.07576387335518726,0.15128772270185462,0.10926459934981038,2.0,0.7
squat_right_2.mp4,down,0.07566299185057894,0.15262921846105654,0.10866062008108454,2.0,0.7
squat_right_2.mp4,middle,0.07526211776382653,0.15284325482320085,0.10565767966518026,2.0,0.7
squat_right_2.mp4,up,0.07470807653788304,0.15311174244447334,0.10372270387797335,2.0,0.7
squat_right_2.mp4,up,0.07446612156068064,0.15352963836351505,0.0999017203972565,2.1,0.7
squat_right_2.mp4,up,0.07466868378841417,0.15431814189033194,0.09762008330351009,2.1,0.6
squat_right_2.mp4,up,0.07398467156192685,0.15358076289539904,0.09316093073960614,2.1,0.6
squat_right_2.mp4,up,0.07470274071248718,0.15263069254145903,0.0874856070281946,2.0,0.6
squat_right_2.mp4,up,0.07558780501846063,0.1514254450164829,0.08469476378475811,2.0,0.6
squat_right_2.mp4,up,0.07655855880846052,0.14969195998231666,0.08228990812900609,2.0,0.5
squat_right_2.mp4,up,0.07698410553267981,0.14833175178317606,0.08064215830660175,1.9,0.5
squat_right_2.mp4,up,0.07794040375997566,0.14831159690160564,0.08033353427513866,1.9,0.5
squat_right_2.mp4,up,0.07877784124478314,0.14827623368666,0.08036065988972411,1.9,0.5
squat_right_2.mp4,up,0.0787307472087192,0.14830844477049113,0.08090589976856176,1.9,0.5
squat_right_2.mp4,up,0.07875518377029737,0.1482646473400661,0.08104840431208377,1.9,0.5
squat_right_2.mp4,up,0.07860663057377117,0.14820652239270604,0.08095888405614486,1.9,0.5
squat_right_2.mp4,up,0.07852687108886802,0.14818000921641705,0.08110608689056832,1.9,0.5
squat_right_2.mp4,up,0.07853586533094864,0.14821927193682216,0.08113144637347354,1.9,0.5
squat_right_2.mp4,up,0.07854713018925044,0.14834558984819532,0.08103829551414572,1.9,0.5
squat_right_2.mp4,up,0.07827127401224643,0.14841532059485857,0.08098478808075589,1.9,0.5
squat_right_2.mp4,up,0.07776824561796215,0.14817432944810918,0.0810182669783412,1.9,0.5
squat_right_2.mp4,up,0.07754659190830598,0.14755196347709762,0.08244045383621691,1.9,0.6
squat_right_2.mp4,up,0.07689964717256782,0.14893267163264093,0.08819943068865295,1.9,0.6
squat_right_2.mp4,up,0.0772427093692884,0.1501303103310462,0.09341813045605882,1.9,0.6
squat_right_2.mp4,up,0.076926604114393,0.15024420696932447,0.09713224696975728,2.0,0.6
squat_right_2.mp4,up,0.07639003302472296,0.15105470117498845,0.10030173886110019,2.0,0.7
squat_right_2.mp4,middle,0.07751356838089761,0.15046155490124236,0.10209398881706781,1.9,0.7
squat_right_2.mp4,middle,0.07807171364008297,0.1503951910019588,0.10725487703134348,1.9,0.7
squat_right_2.mp4,down,0.07755694531743912,0.15089546501935805,0.10912151467248261,1.9,0.7
squat_right_2.mp4,down,0.07686441124079756,0.1508615873286147,0.1096209376756616,2.0,0.7
squat_right_2.mp4,down,0.075729334208371,0.1509390894903724,0.11175599581922348,2.0,0.7
squat_right_2.mp4,down,0.07558247098938155,0.15111639380819403,0.11391034080518098,2.0,0.8
squat_right_2.mp4,down,0.07642735859197235,0.15130523436499466,0.11471817822903708,2.0,0.8
squat_right_2.mp4,down,0.07627231226288372,0.15132173776704122,0.11302544384123749,2.0,0.7
squat_right_2.mp4,middle,0.0761855840897026,0.15261341975416873,0.11123355936507338,2.0,0.7
squat_right_2.mp4,middle,0.07607401864752364,0.1527331050660965,0.10978656934585378,2.0,0.7
squat_right_2.mp4,up,0.07602006733483153,0.15263511626065512,0.1088293340506589,2.0,0.7
squat_right_2.mp4,up,0.0759589739498724,0.15441874002727893,0.10792927647592379,2.0,0.7
squat_right_2.mp4,up,0.0753727966223529,0.15562870775771873,0.1035483809482525,2.1,0.7
squat_right_2.mp4,up,0.07502883987482649,0.15507307228855716,0.09708793067046395,2.1,0.6
squat_right_2.mp4,up,0.07602083733953928,0.15159075222042598,0.08885649152012896,2.0,0.6
squat_right_2.mp4,up,0.0780961290287581,0.15040800769848303,0.0852855346973517,1.9,0.6
squat_right_2.mp4,up,0.0787122338948319,0.14905083383215684,0.08240940408412006,1.9,0.6
squat_right_2.mp4,up,0.07815250776492086,0.14801948633775489,0.081386799163493,1.9,0.5
squat_right_2.mp4,up,0.07807542736359045,0.14789360774748908,0.08134504523280703,1.9,0.6
squat_right_2.mp4,up,0.0775713795908169,0.14762695325785988,0.0810384241119196,1.9,0.5
squat_right_2.mp4,up,0.07776194818312014,0.1474608586023977,0.08085880699727542,1.9,0.5
squat_right_2.mp4,up,0.07794121493162642,0.14698277715047686,0.08082022655975532,1.9,0.5
squat_right_2.mp4,up,0.07786992240216595,0.14651322799674588,0.08074778451231893,1.9,0.6
squat_right_2.mp4,up,0.07784670330822985,0.1464785264408173,0.08067208096725599,1.9,0.6
squat_right_2.mp4,up,0.07787016856059278,0.146487009751521,0.08063143241706783,1.9,0.6
squat_right_2.mp4,up,0.07787193752153115,0.14647442225661694,0.08060419465499828,1.9,0.6
squat_right_2.mp4,up,0.07760490154337205,0.14650094372558656,0.08057670737845528,1.9,0.6
squat_right_2.mp4,up,0.07754698195527808,0.14650876562652881,0.08072495736288565,1.9,0.6
squat_right_2.mp4,up,0.07720557377435379,0.14679635409913352,0.08116842494261517,1.9,0.6
squat_right_2.mp4,up,0.07671782120441249,0.147216677134179,0.08210212697039483,1.9,0.6
squat_right_2.mp4,up,0.07658604496270771,0.14853731555493993,0.08497306757029684,1.9,0.6
squat_right_2.mp4,up,0.07706716278792947,0.15016083636956745,0.0900747124529456,1.9,0.6
squat_right_2.mp4,up,0.07683909170621858,0.15027317424617564,0.09397984448327643,2.0,0.6
squat_right_2.mp4,up,0.07639523324206457,0.15073061026065634,0.09825370164145521,2.0,0.7
squat_right_2.mp4,up,0.0763661499649258,0.15217037865919944,0.1009169895722181,2.0,0.7
squat_right_2.mp4,middle,0.0777968348372388,0.15205605746010198,0.10294219770379183,2.0,0.7
squat_right_2.mp4,middle,0.07839071480206664,0.15217805520592814,0.10719355553918851,1.9,0.7
squat_right_2.mp4,down,0.07701693282461687,0.15199853770014127,0.10787943043652518,2.0,0.7
squat_right_2.mp4,down,0.07633964235018437,0.15182501066630844,0.10814999984208667,2.0,0.7
squat_right_2.mp4,down,0.07620114318287302,0.15078607408861353,0.10998925400011715,2.0,0.7
squat_right_2.mp4,down,0.07653050819681607,0.15144496797055007,0.11139847524290991,2.0,0.7
squat_right_2.mp4,down,0.07713646395261127,0.1517095405010742,0.11213168639422894,2.0,0.7
squat_right_2.mp4,down,0.07687440486105614,0.15180622795037055,0.11183395321009414,2.0,0.7
squat_right_2.mp4,down,0.07679895364003286,0.15262292720043474,0.11232258122823767,2.0,0.7
squat_right_2.mp4,middle,0.07689079467038644,0.1538048817728777,0.11214122722217097,2.0,0.7
squat_right_2.mp4,up,0.07655587427067667,0.15378618395925228,0.11164174846965978,2.0,0.7
squat_right_2.mp4,up,0.07607310974198145,0.15505743529653995,0.1082419034413039,2.0,0.7
squat_right_2.mp4,up,0.07517527495895435,0.1559189717098931,0.10507377907257014,2.1,0.7
squat_right_2.mp4,up,0.07512462667093317,0.1548702560278657,0.10003976108186464,2.1,0.6
squat_right_2.mp4,up,0.07522829976134,0.1530031144468559,0.09381610455195885,2.0,0.6
squat_right_2.mp4,up,0.07571040138597661,0.15117306831146496,0.08592077405831125,2.0,0.6
squat_right_2.mp4,up,0.07643064934092828,0.1485548796194847,0.08372653844592191,1.9,0.6
squat_right_2.mp4,up,0.07695353920408839,0.14733240173645337,0.08141658120242432,1.9,0.6
squat_right_2.mp4,up,0.07687757510411324,0.14721158286078884,0.08022101104713089,1.9,0.5
squat_right_2.mp4,up,0.07683698113174615,0.1470485340718584,0.0802226103768079,1.9,0.5
squat_right_2.mp4,up,0.07697475302066176,0.14681779937090209,0.08027320396113677,1.9,0.5
squat_right_2.mp4,up,0.07699387535433422,0.14667593281184893,0.0802619245511607,1.9,0.5
squat_right_2.mp4,up,0.07700543577744638,0.14665039799138388,0.08025459590429922,1.9,0.5
squat_right_2.mp4,up,0.07704514522694657,0.14668011534787018,0.08032248825081563,1.9,0.5
squat_right_2.mp4,up,0.07708251264485283,0.1467213041551916,0.08053472731283089,1.9,0.5
squat_right_2.mp4,up,0.07714348272292196,0.1468216402698741,0.08073520932053464,1.9,0.5
squat_right_2.mp4,up,0.07721984294263044,0.14699505862436002,0.08113156445403959,1.9,0.6
squat_right_2.mp4,up,0.07732115139093328,0.1469611653056112,0.08186068921707011,1.9,0.6
squat_right_2.mp4,up,0.07677495565129457,0.1469481811240371,0.08483630523828717,1.9,0.6
squat_right_2.mp4,up,0.07632696127927183,0.14750852609799442,0.08708297415777633,1.9,0.6
squat_right_2.mp4,up,0.07619251005812008,0.14997441246476143,0.09415915750945547,2.0,0.6
squat_right_2.mp4,up,0.0762827817345806,0.1507002819273773,0.09828944620721008,2.0,0.7
squat_right_2.mp4,up,0.07527242641949315,0.15091401828439274,0.10171286399392096,2.0,0.7
squat_right_2.mp4,up,0.07545753035667335,0.15134017664292232,0.10514436586706244,2.0,0.7
squat_right_2.mp4,middle,0.07605963501339505,0.15149915576113537,0.10712744126476734,2.0,0.7
squat_right_2.mp4,middle,0.07546303483440943,0.15165877878908476,0.1080019501825241,2.0,0.7
squat_right_2.mp4,down,0.07491548100131434,0.1521201730989384,0.10685609396796789,2.0,0.7
squat_right_2.mp4,down,0.0751661734074081,0.15142036382491206,0.10580996553126082,2.0,0.7
squat_right_2.mp4,down,0.07552997345319386,0.15119102292353348,0.10552725761880669,2.0,0.7
squat_right_2.mp4,down,0.07594359877115694,0.15019499584549198,0.10678158891324255,2.0,0.7
squat_right_2.mp4,down,0.0760915472256227,0.1504273029819394,0.10741253867298375,2.0,0.7
squat_right_2.mp4,down,0.0762179863497628,0.15191362223128135,0.10684181896461072,2.0,0.7
squat_right_2.mp4,down,0.07595501617204575,0.15193778289294607,0.10584199529693733,2.0,0.7
squat_right_2.mp4,middle,0.07601756591899206,0.15292852019200073,0.1070150104778546,2.0,0.7
squat_right_2.mp4,up,0.0765442733820058,0.1528041047370807,0.10656719018487354,2.0,0.7
squat_right_2.mp4,up,0.07570246237317789,0.15350246536098278,0.10414823304830742,2.0,0.7
squat_right_2.mp4,up,0.07565146353474006,0.1559263803818244,0.10306105848597633,2.1,0.7
squat_right_2.mp4,up,0.075613144214669,0.15517722928529676,0.10215144645230113,2.1,0.7
squat_right_2.mp4,up,0.07547143272232873,0.1548037926864619,0.09602961661461995,2.1,0.6
squat_right_2.mp4,up,0.07586736785620135,0.1526358219912732,0.08878958023104423,2.0,0.6
squat_right_2.mp4,up,0.07665010519210844,0.14980483440375203,0.08409853686901832,2.0,0.6
squat_right_2.mp4,up,0.07722244587880707,0.14861007475650326,0.08245569730442287,1.9,0.6
squat_right_2.mp4,up,0.07736462080841809,0.14802666237951634,0.08129711369702146,1.9,0.5
squat_right_2.mp4,up,0.07754541926462609,0.14714177675774387,0.08050456073850315,1.9,0.5
squat_right_2.mp4,up,0.07731953401982374,0.1470035096234264,0.08081147773589425,1.9,0.5
squat_right_2.mp4,up,0.07726000962165629,0.1470456903057476,0.08082260126302863,1.9,0.5
squat_right_2.mp4,up,0.07721661955084111,0.147025209742047,0.0806078388770058,1.9,0.5
squat_right_2.mp4,up,0.07713425470447184,0.1468740843591979,0.08041950381113319,1.9,0.5
squat_right_2.mp4,up,0.07704666165709916,0.14676602536222405,0.08030573072764666,1.9,0.5
squat_right_2.mp4,up,0.07700428823860068,0.14668575561853786,0.0804541592992297,1.9,0.5
squat_right_2.mp4,up,0.0771104158875858,0.14697990171912134,0.08059113806146921,1.9,0.5
squat_right_2.mp4,up,0.07720019519511602,0.1477217235030388,0.08097694600433113,1.9,0.5
squat_right_2.mp4,up,0.0773439952133175,0.14856472237761856,0.08221961263012587,1.9,0.6
squat_right_2.mp4,up,0.07704788683155203,0.14975267444529236,0.08665202857113355,1.9,0.6
squat_right_2.mp4,up,0.07623188814372205,0.15002991126876947,0.0948519685710814,2.0,0.6
squat_right_2.mp4,up,0.07603585467794273,0.15128869609796677,0.10022399547044188,2.0,0.7
squat_right_2.mp4,up,0.0758791437813121,0.15271758968096444,0.10352700205686961,2.0,0.7
squat_right_2.mp4,up,0.07628982524565016,0.15277221111520492,0.1060626972336681,2.0,0.7
squat_right_2.mp4,middle,0.0774310749046396,0.15277922568278687,0.10915104079269149,2.0,0.7
squat_right_2.mp4,middle,0.07799145425393057,0.15272575645620132,0.1101382968622963,2.0,0.7
squat_right_2.mp4,down,0.07755043442105396,0.15311980231383931,0.11026482111428272,2.0,0.7
squat_right_2.mp4,down,0.07668920969786636,0.1526934719595211,0.10973727806143622,2.0,0.7
squat_right_2.mp4,down,0.07651819503770024,0.15137831732715795,0.10985688417280573,2.0,0.7
squat_right_2.mp4,down,0.0763984172995637,0.15176512331666162,0.1106251968685208,2.0,0.7
squat_right_2.mp4,down,0.07712225416479503,0.1521656114324136,0.11125591232911333,2.0,0.7
squat_right_2.mp4,down,0.0772608203770947,0.1524283021015546,0.11089556284186577,2.0,0.7
squat_right_2.mp4,down,0.07723689234012059,0.1525080200684175,0.11053936286436078,2.0,0.7
squat_right_2.mp4,middle,0.07633246049133412,0.15300033114599965,0.11116076038423243,2.0,0.7
squat_right_2.mp4,middle,0.07622275915309319,0.1541149104257315,0.10923279276307751,2.0,0.7
squat_right_2.mp4,up,0.07591639063992403,0.15485756085758035,0.10813639061545692,2.0,0.7
squat_right_2.mp4,up,0.07564576936462813,0.15641588167228848,0.10607202976396277,2.1,0.7
squat_right_2.mp4,up,0.07537672803674524,0.15642930685890458,0.10144166394454718,2.1,0.6
squat_right_2.mp4,up,0.07586122849255296,0.1542043846298379,0.09408910508252462,2.0,0.6
squat_right_2.mp4,up,0.07652784226417476,0.15252977792692995,0.08701318964994899,2.0,0.6
squat_right_2.mp4,up,0.0772620206652542,0.15151397193382599,0.08433194184832236,2.0,0.6
squat_right_2.mp4,up,0.07756441013215008,0.149804540819405,0.08296929760598198,1.9,0.6
squat_right_2.mp4,up,0.07786161947060986,0.1496156733611944,0.08256422771044686,1.9,0.6
squat_right_2.mp4,up,0.07802215765904984,0.14949807617172844,0.082620258588766,1.9,0.6
squat_right_2.mp4,up,0.07805490006104625,0.14942612501204564,0.08245077038130268,1.9,0.6
squat_right_2.mp4,up,0.07790266279193248,0.1491318737984609,0.08232243358550391,1.9,0.6
squat_right_2.mp4,up,0.07792869053647007,0.1489585511855287,0.08225873925180464,1.9,0.6
squat_right_2.mp4,up,0.07802085962702632,0.14866580636002552,0.08215084565767408,1.9,0.6
squat_right_2.mp4,up,0.078020358156297,0.1485487414682345,0.08213600818688226,1.9,0.6
squat_right_2.mp4,up,0.07795629282264456,0.14853498934159168,0.08224436903716033,1.9,0.6
squat_right_2.mp4,up,0.07791734946382049,0.1485034327981386,0.08255729427443567,1.9,0.6
squat_right_2.mp4,up,0.07759916744057875,0.14827929551305483,0.0832045333970689,1.9,0.6
squat_right_2.mp4,up,0.07698230899726172,0.14788948968368393,0.08485901367509868,1.9,0.6
squat_right_2.mp4,up,0.07641649740498972,0.1507428050163292,0.09118735544031464,2.0,0.6
squat_right_2.mp4,up,0.07527247356174825,0.15249458390301113,0.09776915906503968,2.0,0.6
squat_right_2.mp4,up,0.07479384806692606,0.15247580113053819,0.1006640175573896,2.0,0.7
squat_right_2.mp4,up,0.07475244758515506,0.1529885067323553,0.10304119566067182,2.0,0.7
squat_right_2.mp4,up,0.07538335625070999,0.15285424120241192,0.10628587732263865,2.0,0.7
squat_right_2.mp4,middle,0.07698644534240111,0.1531514938497611,0.1084618997354557,2.0,0.7
squat_right_2.mp4,down,0.07629295362655972,0.15372913639441868,0.10991949124197098,2.0,0.7
squat_right_2.mp4,down,0.07590240620574075,0.1526450888783718,0.10822936231709623,2.0,0.7
squat_right_2.mp4,down,0.07600065061371736,0.15213845680897584,0.1069966385910759,2.0,0.7
squat_right_2.mp4,down,0.07584189099517068,0.15150863090971972,0.1046506969873103,2.0,0.7
squat_right_2.mp4,down,0.07680086709960415,0.15121869510321387,0.10465730136723066,2.0,0.7
squat_right_2.mp4,down,0.07759687167704335,0.15138520185406612,0.10505739000813397,2.0,0.7
squat_right_2.mp4,down,0.07779555081500485,0.15217099864863912,0.10580382847807034,2.0,0.7
squat_right_2.mp4,down,0.07765529053418851,0.1521904744910035,0.10615717964467877,2.0,0.7
squat_right_2.mp4,middle,0.07750229831181596,0.15488438380433192,0.10640821983885575,2.0,0.7
squat_right_2.mp4,up,0.07656395551351945,0.15524121192237317,0.10552621015243946,2.0,0.7
squat_right_2.mp4,up,0.075648234357448,0.15682590534109547,0.10386261445121639,2.1,0.7
squat_right_2.mp4,up,0.07580011034055545,0.15619510914269932,0.10133577227130165,2.1,0.6
squat_right_2.mp4,up,0.07548171059697933,0.15407057090119192,0.09372052067589505,2.0,0.6
squat_right_2.mp4,up,0.07572715235620199,0.15245066503845933,0.08870225548917207,2.0,0.6
squat_right_2.mp4,up,0.07647260771972952,0.15127267132317102,0.08316476414452315,2.0,0.5
squat_right_2.mp4,up,0.07743351354154193,0.15039749364136587,0.0814123292980914,1.9,0.5
squat_right_2.mp4,up,0.0779147587819973,0.14982030235925467,0.08039111145110361,1.9,0.5
squat_right_2.mp4,up,0.07776773028584029,0.14954758026086684,0.08051635278900293,1.9,0.5
squat_right_2.mp4,up,0.07758617666545826,0.1491154760641898,0.0803967377970124,1.9,0.5
squat_right_2.mp4,up,0.07753063740254643,0.14894251801489686,0.08045601268979706,1.9,0.5
squat_right_2.mp4,up,0.07744869044875295,0.14840978499167412,0.08044837977459195,1.9,0.5
squat_right_2.mp4,up,0.07748367180273712,0.147826330702778,0.08023420890242579,1.9,0.5
squat_right_2.mp4,up,0.07752036800362716,0.14754290758234342,0.08024199565159888,1.9,0.5
squat_right_2.mp4,up,0.07746315768549668,0.14733250575156068,0.0802800628649959,1.9,0.5
squat_right_2.mp4,up,0.07719494978669757,0.14726163832613234,0.08036247562464319,1.9,0.5
squat_right_2.mp4,up,0.07698708715104917,0.14721543685933297,0.0804939420359194,1.9,0.5
squat_right_2.mp4,up,0.07694420680959561,0.14736790355133247,0.08052434403849539,1.9,0.5
squat_right_2.mp4,up,0.07669030894542506,0.1476443844651941,0.08030048957445976,1.9,0.5
squat_right_2.mp4,up,0.07658806764585638,0.14796884649195965,0.08256720590529834,1.9,0.6
squat_right_2.mp4,up,0.07589048244592744,0.1496990872071574,0.08572802451928116,2.0,0.6
squat_right_2.mp4,up,0.07460122389491569,0.14999223441141385,0.08919065647611826,2.0,0.6
squat_right_2.mp4,up,0.07409142316558803,0.15011607682894512,0.09312236554250537,2.0,0.6
squat_right_2.mp4,up,0.07412405783960412,0.1507946043896179,0.09846376697626114,2.0,0.7
squat_right_2.mp4,up,0.07525648210266143,0.15059591532225314,0.1009626831557451,2.0,0.7
squat_right_2.mp4,middle,0.07579059324978275,0.15185092763363972,0.10559483810257378,2.0,0.7
squat_right_2.mp4,down,0.07484301540662743,0.15257284312014646,0.1100812295856161,2.0,0.7
squat_right_2.mp4,down,0.07476514250065255,0.15327029007041357,0.1094435134060311,2.1,0.7
squat_right_2.mp4,down,0.07490014710279841,0.15310317161119052,0.10917376956942955,2.0,0.7
squat_right_2.mp4,down,0.07548569894517307,0.15367997309250375,0.1103037179865562,2.0,0.7
squat_right_2.mp4,down,0.07618523425488974,0.1532943361462036,0.11219653020867343,2.0,0.7
squat_right_2.mp4,down,0.07694082211473385,0.15246491820055844,0.11173295083417936,2.0,0.7
squat_right_2.mp4,down,0.07706254463532634,0.15184108504211846,0.10850303165340804,2.0,0.7
squat_right_2.mp4,down,0.07597719123877698,0.15347429336333304,0.10820049393531807,2.0,0.7
squat_right_2.mp4,down,0.07564323142379971,0.1545721697905614,0.11042570598129765,2.0,0.7
squat_right_2.mp4,middle,0.0756715514337206,0.15571226420527776,0.1116978985851553,2.1,0.7
squat_right_2.mp4,up,0.07530784213827026,0.15538897204089372,0.10978758391168937,2.1,0.7
squat_right_2.mp4,up,0.0746740908413105,0.15530239000077,0.1066338874750938,2.1,0.7
squat_right_2.mp4,up,0.07445207863538623,0.15564997606063827,0.10240049263015823,2.1,0.7
squat_right_2.mp4,up,0.07464396987616488,0.15561390646625048,0.09942393867591515,2.1,0.6
squat_right_2.mp4,up,0.07505798428834376,0.1554724485543395,0.09352174826534905,2.1,0.6
squat_right_2.mp4,up,0.07569969400386149,0.15346025447544978,0.08793390825656561,2.0,0.6
squat_right_2.mp4,up,0.0761568097916213,0.15172542594431843,0.08393938234727956,2.0,0.6
squat_right_2.mp4,up,0.07689967871743246,0.14971651642794995,0.08069443255808634,1.9,0.5
squat_right_2.mp4,up,0.07687134736540872,0.149907352721101,0.08086182298063145,2.0,0.5
squat_right_2.mp4,up,0.07707606997875487,0.14991914248010435,0.08053512831938889,1.9,0.5
squat_right_2.mp4,up,0.07729368759289118,0.15012815937151103,0.0804243831290098,1.9,0.5
squat_right_2.mp4,up,0.07739373929654562,0.1501315355814011,0.08050519627589732,1.9,0.5
squat_right_2.mp4,up,0.07751983632015834,0.15015004956883646,0.0805868729755376,1.9,0.5
squat_right_2.mp4,up,0.07775339652760839,0.15015625091699797,0.08050771563905956,1.9,0.5
squat_right_2.mp4,up,0.07769083001678312,0.15017087281771477,0.0805432232750565,1.9,0.5
squat_right_2.mp4,up,0.07778622745721907,0.15011037985275982,0.0813950343258202,1.9,0.5
squat_right_2.mp4,up,0.07738320684676797,0.15012105361428527,0.08415409611446939,1.9,0.6
squat_right_2.mp4,up,0.07641743007416153,0.1505601082311104,0.0901201193410427,2.0,0.6
squat_right_2.mp4,up,0.07622799466384925,0.15122972081247577,0.09367283868252961,2.0,0.6
squat_right_2.mp4,up,0.07576043893059475,0.15141390342718172,0.09836730686813995,2.0,0.6
squat_right_2.mp4,up,0.07535320517148414,0.15217701202556846,0.10085078978712635,2.0,0.7
squat_right_2.mp4,up,0.07489457060958236,0.1524485766471765,0.1042979556270833,2.0,0.7
squat_right_2.mp4,middle,0.07644658937392121,0.15284060803949376,0.1068406156753783,2.0,0.7
squat_right_2.mp4,down,0.07595881558271919,0.1534090512350192,0.10895509916474569,2.0,0.7
squat_right_2.mp4,down,0.07574326561692829,0.15307686247741117,0.10905429539436315,2.0,0.7
squat_right_2.mp4,down,0.0760731972240343,0.15263219995084887,0.11113963997017366,2.0,0.7
squat_right_2.mp4,down,0.07622723242514394,0.15239632250524981,0.11303679153485797,2.0,0.7
squat_right_2.mp4,down,0.07594712479328482,0.1520399673995401,0.11347155367621853,2.0,0.7
squat_right_2.mp4,down,0.07600158006035795,0.1523452412599377,0.11328081646953513,2.0,0.7
squat_right_2.mp4,down,0.07640921727108005,0.15196032166960702,0.11293265783318412,2.0,0.7
squat_right_2.mp4,middle,0.07582470470968515,0.15335043540744717,0.11272513390985532,2.0,0.7
squat_right_2.mp4,middle,0.07568996114191064,0.15515022942516613,0.11169453288390527,2.0,0.7
squat_right_2.mp4,up,0.07560856141994353,0.15513649902582244,0.10893208943289666,2.1,0.7
squat_right_2.mp4,up,0.07568325184945046,0.1566891102904969,0.10493965964222689,2.1,0.7
squat_right_2.mp4,up,0.07602526322763939,0.1562827581065252,0.09839002740496545,2.1,0.6
squat_right_2.mp4,up,0.07688023222525277,0.15434090691599334,0.09173500958724203,2.0,0.6
squat_right_2.mp4,up,0.07768179878234757,0.1526151991363491,0.08719526441327906,2.0,0.6
squat_right_2.mp4,up,0.07755124966242483,0.15127357606490022,0.08496493727575566,2.0,0.6
squat_right_2.mp4,up,0.07757459005344057,0.15034105456309632,0.08368772808223532,1.9,0.6
squat_right_2.mp4,up,0.07780147800332482,0.14952190357125453,0.08267563627721426,1.9,0.6
squat_right_2.mp4,up,0.07808853829127078,0.14895520026534728,0.08291189155384666,1.9,0.6
squat_right_2.mp4,up,0.0779342047786104,0.1490381485520436,0.0832358073434328,1.9,0.6
squat_right_2.mp4,up,0.07777917350382285,0.14917643785365403,0.08342965289205057,1.9,0.6
squat_right_2.mp4,up,0.07768520918163227,0.14921336050503534,0.08358412658068158,1.9,0.6
squat_right_2.mp4,up,0.07766820446302528,0.14913938403633167,0.08362634681702147,1.9,0.6
squat_right_2.mp4,up,0.07768833895314406,0.14932694240801378,0.0836887739652663,1.9,0.6
squat_right_2.mp4,up,0.07755603181983188,0.14945859022724486,0.08395070717436062,1.9,0.6
squat_right_2.mp4,up,0.0776999388828877,0.1493755030848623,0.08437828036547657,1.9,0.6
squat_right_2.mp4,up,0.07700321170216765,0.1489793099366733,0.08563852250230698,1.9,0.6
squat_right_2.mp4,up,0.07621791651247453,0.1485880975320449,0.08962323835540932,1.9,0.6
squat_right_2.mp4,up,0.07620171920163694,0.1508054813779278,0.09800836283993652,2.0,0.6
squat_right_2.mp4,up,0.07512559191504527,0.1535916842530242,0.10309496077609698,2.0,0.7
squat_right_2.mp4,up,0.07505947495073347,0.15426255442983142,0.10512432393483309,2.1,0.7
squat_right_2.mp4,up,0.07549103665556568,0.15466475817823658,0.10896404361097652,2.0,0.7
squat_right_2.mp4,middle,0.07510123799606423,0.155595969475047,0.11310735597965833,2.1,0.7
squat_right_2.mp4,middle,0.07516488008911143,0.15442999953744993,0.11502479239133086,2.1,0.7
squat_right_2.mp4,down,0.07396313373398973,0.1530319561951855,0.11438328805540007,2.1,0.7
squat_right_2.mp4,down,0.0743046784285912,0.15283451882257193,0.1143152854970292,2.1,0.7
squat_right_2.mp4,down,0.07506289607489358,0.15273435681484415,0.11683849268555424,2.0,0.8
squat_right_2.mp4,down,0.07507476804191433,0.15311778814940552,0.11866434910288962,2.0,0.8
squat_right_2.mp4,down,0.07441558422625973,0.1533880640976428,0.11827890955773182,2.1,0.8
squat_right_2.mp4,down,0.0743804387380166,0.15336679903708955,0.11765066262502144,2.1,0.8
squat_right_2.mp4,middle,0.07535286265388687,0.154826300804192,0.11611409450403891,2.1,0.7
squat_right_2.mp4,up,0.07637123984053024,0.1546718528887731,0.11206060173249303,2.0,0.7
squat_right_2.mp4,up,0.0764362897742198,0.15457227418242456,0.10795874844801256,2.0,0.7
squat_right_2.mp4,up,0.07654962021173874,0.15429189483226946,0.10503964001153647,2.0,0.7
squat_right_2.mp4,up,0.0768982909788189,0.15300285108682898,0.0988591704797195,2.0,0.6
squat_right_2.mp4,up,0.07769031245081848,0.15158828130280166,0.09079867952997624,2.0,0.6
squat_right_2.mp4,up,0.07786163022562606,0.15142878453191666,0.08827691143933178,1.9,0.6
squat_right_2.mp4,up,0.07766684956838892,0.15133465255386666,0.08642623807421049,1.9,0.6
squat_right_2.mp4,up,0.07737068841131792,0.1511163569115241,0.08511599134384937,2.0,0.6
squat_right_2.mp4,up,0.0776004488130461,0.1499700727267125,0.08380406377435376,1.9,0.6
squat_right_2.mp4,up,0.07808288532223907,0.1492633584923711,0.0818227212357454,1.9,0.5
squat_right_2.mp4,up,0.07803638887486988,0.14886335611973694,0.08174800563463565,1.9,0.5
squat_right_2.mp4,up,0.07796055029989668,0.1488782773052346,0.08183353550845973,1.9,0.5
squat_right_2.mp4,up,0.07785102977946007,0.14887512253100624,0.08193604918404894,1.9,0.6
squat_right_2.mp4,up,0.07783551484395046,0.14881792221685816,0.08195810129801528,1.9,0.6
squat_right_2.mp4,up,0.07792376958432923,0.14880459060889537,0.08215054845000819,1.9,0.6
squat_right_2.mp4,up,0.07781877825888349,0.14885526793411227,0.08245414869206025,1.9,0.6
squat_right_2.mp4,up,0.07771474271041613,0.14900001914794495,0.0828366411041071,1.9,0.6
squat_right_2.mp4,up,0.07736953309887107,0.14911144456844858,0.08353434679048227,1.9,0.6
squat_right_2.mp4,up,0.0768801137530774,0.14850911499007527,0.08522151221188923,1.9,0.6
squat_right_2.mp4,up,0.07724068056412145,0.1486684638856023,0.0906072932790957,1.9,0.6
squat_right_2.mp4,up,0.07664239234399883,0.1507556377822197,0.09558898924963875,2.0,0.6
squat_right_2.mp4,up,0.07605707517503023,0.15420766645774464,0.10018308362481111,2.0,0.6
squat_right_2.mp4,up,0.07577701486145315,0.15587643927241232,0.10359791159417613,2.1,0.7
squat_right_2.mp4,middle,0.07656473791697697,0.1562599338112492,0.11108304479257855,2.0,0.7
squat_right_2.mp4,middle,0.0763361471542762,0.1553439047656392,0.11446917481006144,2.0,0.7
squat_right_2.mp4,down,0.07474599689578126,0.15467162238261617,0.1165631335402799,2.1,0.8
squat_right_2.mp4,down,0.07426021288898618,0.1544515242300944,0.11834892189206186,2.1,0.8
squat_right_3.mp4,down,0.08412638216661654,0.15773464548479096,0.14133137099043613,1.9,0.9
squat_right_3.mp4,down,0.08214123548057767,0.14980066632412495,0.14982074210873852,1.8,1.0
squat_right_3.mp4,down,0.07956964217070753,0.15515230660963622,0.14908293891072155,1.9,1.0
squat_right_3.mp4,down,0.07905103296229403,0.16014323355811913,0.14695457266932277,2.0,0.9
squat_right_3.mp4,middle,0.07971743583417952,0.15998902305543952,0.1389809823208245,2.0,0.9
squat_right_3.mp4,up,0.08013480800997458,0.1588973450703432,0.12977699871939655,2.0,0.8
squat_right_3.mp4,up,0.08070094699670806,0.15883419362481346,0.12049454147119942,2.0,0.8
squat_right_3.mp4,up,0.0813757422640615,0.15580069030514324,0.10419873006618728,1.9,0.7
squat_right_3.mp4,up,0.08105785267577621,0.1521481805117973,0.09533167790171479,1.9,0.6
squat_right_3.mp4,up,0.08137691202478241,0.15473989135541294,0.09480912827326167,1.9,0.6
squat_right_3.mp4,up,0.08175201175027648,0.1548890313537509,0.0943894704888844,1.9,0.6
squat_right_3.mp4,up,0.08158196469460487,0.1548628191791816,0.0946789043394067,1.9,0.6
squat_right_3.mp4,up,0.0816747305620125,0.15660841801717829,0.09547096812352293,1.9,0.6
squat_right_3.mp4,up,0.08275659691509928,0.1580736359776048,0.10356306096179838,1.9,0.7
squat_right_3.mp4,up,0.08529555892268631,0.1611986716738132,0.12067536346901701,1.9,0.7
squat_right_3.mp4,middle,0.08562710037906622,0.16310297843850058,0.13077238344058362,1.9,0.8
squat_right_3.mp4,middle,0.08506975012904695,0.1616070767584511,0.13927556378042455,1.9,0.9
squat_right_3.mp4,down,0.08333186599053169,0.16023438765391426,0.1450687992592978,1.9,0.9
squat_right_3.mp4,down,0.08262332406309227,0.15900264853763998,0.1465677803143916,1.9,0.9
squat_right_3.mp4,down,0.08183940166776069,0.15680214558884964,0.15249957741962397,1.9,1.0
squat_right_3.mp4,down,0.08032877648868801,0.1569798325265403,0.15501261311562942,2.0,1.0
squat_right_3.mp4,down,0.08066865338686222,0.15632669462746257,0.15466162310775702,1.9,1.0
squat_right_3.mp4,down,0.08238999400765602,0.15805777753385933,0.153153540126563,1.9,1.0
squat_right_3.mp4,down,0.0806933051767934,0.15807534690170175,0.1513016844058478,2.0,1.0
squat_right_3.mp4,middle,0.07946235361420569,0.15847262808490226,0.14946863069584448,2.0,0.9
squat_right_3.mp4,middle,0.07942709713484279,0.1606161558155176,0.14127401740182882,2.0,0.9
squat_right_3.mp4,up,0.08101589415758913,0.15842767621721812,0.11963459799348541,2.0,0.8
squat_right_3.mp4,up,0.08134866783086639,0.15706369573221737,0.11657871824675817,1.9,0.7
squat_right_3.mp4,up,0.08193816717092352,0.1536891477813231,0.10001207725456492,1.9,0.7
squat_right_3.mp4,up,0.08255858695820141,0.15220667836623475,0.09327406336802649,1.8,0.6
squat_right_3.mp4,up,0.08265619437983178,0.1536260107090808,0.09358736976964568,1.9,0.6
squat_right_3.mp4,up,0.08229754096394039,0.15478581621625645,0.09375810297645353,1.9,0.6
squat_right_3.mp4,up,0.08205185174315403,0.15441608543643837,0.09484245078964455,1.9,0.6
squat_right_3.mp4,up,0.08269765790122802,0.15386796819043436,0.09575631160349822,1.9,0.6
squat_right_3.mp4,up,0.08444417273951998,0.1561724661278055,0.1073029376284019,1.8,0.7
squat_right_3.mp4,middle,0.08475544937072906,0.1585074115368934,0.12824845304055998,1.9,0.8
squat_right_3.mp4,middle,0.08457386596598995,0.1599465749516981,0.13758181415633006,1.9,0.9
squat_right_3.mp4,down,0.08477546764158399,0.15851702044510993,0.142581407880713,1.9,0.9
squat_right_3.mp4,down,0.08436123833698225,0.15718359815494962,0.1462102382175353,1.9,0.9
squat_right_3.mp4,down,0.08421184412848197,0.15804262241248296,0.14897068503397015,1.9,0.9
squat_right_3.mp4,down,0.08325866281463423,0.156397054987022,0.1523522329387746,1.9,1.0
squat_right_3.mp4,down,0.0829634838460708,0.15665668898215257,0.15226251922484788,1.9,1.0
squat_right_3.mp4,down,0.08313333418344562,0.15657450471278092,0.15109646293845172,1.9,1.0
squat_right_3.mp4,down,0.08230361864287011,0.15685085361168255,0.1513814793166578,1.9,1.0
squat_right_3.mp4,down,0.08086555861640972,0.16044767571927276,0.1485927761066002,2.0,0.9
squat_right_3.mp4,middle,0.08137350211383229,0.1619848951638178,0.14441070335050496,2.0,0.9
squat_right_3.mp4,up,0.08187959417993795,0.16210789567054273,0.13371443770395214,2.0,0.8
squat_right_3.mp4,up,0.08223383196348905,0.16157289973853928,0.12335409265041483,2.0,0.8
squat_right_3.mp4,up,0.08208132181021659,0.15570622249482807,0.100063496686374,1.9,0.6
squat_right_3.mp4,up,0.08177704851037555,0.1534027023800468,0.09315588506095995,1.9,0.6
squat_right_3.mp4,up,0.08160965855740882,0.15366996046670922,0.09441301675032909,1.9,0.6
squat_right_3.mp4,up,0.08120971030753553,0.1562990110035573,0.094023109486247,1.9,0.6
squat_right_3.mp4,up,0.08057458384865729,0.15652461297128317,0.0936784851292065,1.9,0.6
squat_right_3.mp4,up,0.08046319721892023,0.1551347314804412,0.09458851201874578,1.9,0.6
squat_right_3.mp4,up,0.08142066517581716,0.15580518007425043,0.10538854041831985,1.9,0.7
squat_right_3.mp4,up,0.08242674768031763,0.15840873217513132,0.11744193347340812,1.9,0.7
squat_right_3.mp4,middle,0.0820748176748889,0.16004128381943275,0.1329756583125111,1.9,0.8
squat_right_3.mp4,down,0.081559114321416,0.16094483273782229,0.1380236924668107,2.0,0.9
squat_right_3.mp4,down,0.08073554304757913,0.15917784207210614,0.14174319481833392,2.0,0.9
squat_right_3.mp4,down,0.08167622028591862,0.1574693963448771,0.14466992632609954,1.9,0.9
squat_right_3.mp4,down,0.08098522356013672,0.1554672683105114,0.1515689905539005,1.9,1.0
squat_right_3.mp4,down,0.08130078550002738,0.15278913997610977,0.15208978030343015,1.9,1.0
squat_right_3.mp4,down,0.08074332789193149,0.15343753905563035,0.15177187468599565,1.9,1.0
squat_right_3.mp4,down,0.08069909421559336,0.15492484567409434,0.15051040423428574,1.9,1.0
squat_right_3.mp4,down,0.07908145452220097,0.1554020223520286,0.14994943956911103,2.0,1.0
squat_right_3.mp4,middle,0.07796677719361926,0.1551751909162596,0.14341799250183085,2.0,0.9
squat_right_3.mp4,up,0.07861227370928976,0.15887947118603532,0.13261396290611285,2.0,0.8
squat_right_3.mp4,up,0.07914105957821685,0.15950299980661736,0.1305812730278651,2.0,0.8
squat_right_3.mp4,up,0.08019054145506561,0.1584272601007978,0.1118761515429332,2.0,0.7
squat_right_3.mp4,up,0.08088989723375853,0.15071508769520273,0.09420633138215007,1.9,0.6
squat_right_3.mp4,up,0.08106330479677754,0.1528651671150923,0.09221687699316339,1.9,0.6
squat_right_3.mp4,up,0.0806199540163407,0.15780981908693453,0.09370445175670852,2.0,0.6
squat_right_3.mp4,up,0.0806128104498244,0.1581922527019526,0.09395178380394159,2.0,0.6
squat_right_3.mp4,up,0.08074964049522168,0.15563476563432624,0.09547441356129795,1.9,0.6
squat_right_3.mp4,up,0.08209547944383437,0.15554119889333945,0.10447225204568769,1.9,0.7
squat_right_3.mp4,up,0.0833669134799377,0.15772895036386916,0.12409071178010317,1.9,0.8
squat_right_3.mp4,middle,0.08324365356814041,0.15683959662119926,0.13679399305397166,1.9,0.9
squat_right_3.mp4,down,0.08281237726511687,0.16009329594223415,0.1416004807963735,1.9,0.9
squat_right_3.mp4,down,0.08344766999880558,0.15865135194392993,0.1457729918025427,1.9,0.9
squat_right_3.mp4,down,0.0838566218164537,0.15524619174592155,0.14613908541293735,1.9,0.9
squat_right_3.mp4,down,0.08299328623520359,0.15409939052909027,0.15009473365016368,1.9,1.0
squat_right_3.mp4,down,0.08282095144841006,0.15484014107531793,0.15018188376595995,1.9,1.0
squat_right_3.mp4,down,0.08331785931087902,0.15676631615272907,0.14943727483204763,1.9,1.0
squat_right_3.mp4,down,0.08427358598049067,0.15745114557565817,0.1491386836357913,1.9,0.9
squat_right_3.mp4,down,0.08136174739401768,0.1569704784201066,0.14749266837487596,1.9,0.9
squat_right_3.mp4,down,0.07983223316490289,0.15736132086731092,0.14559141134169495,2.0,0.9
squat_right_3.mp4,middle,0.08002904574530205,0.15949521093842023,0.14328850018731706,2.0,0.9
squat_right_3.mp4,up,0.08063206940457769,0.1596012026000587,0.13151411258445883,2.0,0.8
squat_right_3.mp4,up,0.0809525908940635,0.15861496959359447,0.1075555727629588,2.0,0.7
squat_right_3.mp4,up,0.08109239651593764,0.15757807902451343,0.10032439170627494,1.9,0.6
squat_right_3.mp4,up,0.08147648030379384,0.15683520326105477,0.09391293593107183,1.9,0.6
squat_right_3.mp4,up,0.08137632828835133,0.15576784354429818,0.09449713234209516,1.9,0.6
squat_right_3.mp4,up,0.08110629611333765,0.1551390846824927,0.09426036791055387,1.9,0.6
squat_right_3.mp4,up,0.08123270624890722,0.156746486192091,0.09520015967050427,1.9,0.6
squat_right_3.mp4,up,0.08324722327171835,0.161362767519249,0.1047381820121791,1.9,0.6
squat_right_3.mp4,up,0.08425921493760297,0.16281702924136068,0.11794440521598586,1.9,0.7
squat_right_3.mp4,middle,0.08434254936246992,0.15857824080505942,0.13849551309036454,1.9,0.9
squat_right_3.mp4,down,0.08447495303123494,0.1598338400995157,0.14352345744155415,1.9,0.9
squat_right_3.mp4,down,0.08318273232579838,0.15864316810895185,0.14816201000039067,1.9,0.9
squat_right_3.mp4,down,0.08359950972172236,0.15625954368479106,0.15182257670903637,1.9,1.0
squat_right_3.mp4,down,0.0857888171939771,0.20650234916673843,0.15703435433953122,2.4,0.8
squat_right_3.mp4,down,0.08154413640356892,0.2058684716721347,0.15783650275147523,2.5,0.8
squat_right_3.mp4,down,0.08189806991668729,0.212278118659894,0.15820611677704835,2.6,0.7
squat_right_3.mp4,up,0.08477237449203316,0.2129729394376222,0.153339295424214,2.5,0.7
squat_right_3.mp4,up,0.09011952315260416,0.2113263216813511,0.13854204664980813,2.3,0.7
squat_right_3.mp4,up,0.0899324013496132,0.20951353253293056,0.13074154240727615,2.3,0.6
squat_right_3.mp4,up,0.09036823746712229,0.20855802255979058,0.12102189514789324,2.3,0.6
squat_right_3.mp4,up,0.09206322686014944,0.2065671268602841,0.11974930483526883,2.2,0.6
squat_right_3.mp4,up,0.09253148726979768,0.20692748458530116,0.12003477073462392,2.2,0.6
squat_right_3.mp4,up,0.09239383897942323,0.20549872465109859,0.11927407936188901,2.2,0.6
squat_right_3.mp4,up,0.09233896414176536,0.20391641693139198,0.12105707173199252,2.2,0.6
squat_right_3.mp4,up,0.09240392904176911,0.20575552319562984,0.12837227459821515,2.2,0.6
squat_right_3.mp4,up,0.09082371283219855,0.20577935984435894,0.13705912386056263,2.3,0.7
squat_right_3.mp4,middle,0.0885539304485792,0.21344126471019975,0.1501899277911667,2.4,0.7
squat_right_3.mp4,down,0.08504249382951042,0.2151309033712455,0.15646851196344977,2.5,0.7
squat_right_3.mp4,down,0.08280606768403125,0.21575242227701263,0.15851683794889893,2.6,0.7
squat_right_3.mp4,down,0.08271966623286339,0.21733922391016192,0.1568702922242232,2.6,0.7
squat_right_3.mp4,down,0.08293975328021111,0.21774277084105015,0.15615884415458836,2.6,0.7
squat_right_3.mp4,down,0.08373676136285353,0.21628481628996604,0.15518415517454748,2.6,0.7
squat_right_3.mp4,down,0.08178721948583677,0.21637386021619115,0.15457618818007002,2.6,0.7
squat_right_3.mp4,down,0.08115623585847954,0.21789019536355128,0.15367648759499397,2.7,0.7
squat_right_3.mp4,down,0.08066974274551747,0.21506328105156805,0.15368197188519028,2.7,0.7
squat_right_3.mp4,down,0.07998035469079534,0.2145522245185121,0.15446733067210203,2.7,0.7
squat_right_3.mp4,middle,0.08102526285824542,0.2171725243580938,0.1531380892603509,2.7,0.7
squat_right_3.mp4,middle,0.08290546917252103,0.21902981779978276,0.15132716048422382,2.6,0.7
squat_right_3.mp4,up,0.08662212341454872,0.21680320505089404,0.1349376293500951,2.5,0.6
squat_right_3.mp4,up,0.08729036397135777,0.21413303973835515,0.12818203039223633,2.5,0.6
squat_right_3.mp4,up,0.08891686925119342,0.21097155370127732,0.12133550268648685,2.4,0.6
squat_right_3.mp4,up,0.09018980331673719,0.2120305372151386,0.11836826644251418,2.4,0.6
squat_right_3.mp4,up,0.0906913736022276,0.21164442589374904,0.1190947099111603,2.3,0.6
squat_right_3.mp4,up,0.0908960963259138,0.21121846727032398,0.11921765703733007,2.3,0.6
squat_right_3.mp4,up,0.09094587637252588,0.21067120367061593,0.1197205603275235,2.3,0.6
squat_right_3.mp4,up,0.0911574482275896,0.21011285090475249,0.11993863029187261,2.3,0.6
squat_right_3.mp4,up,0.0917532595003229,0.20817335029633827,0.12824655157431133,2.3,0.6
squat_right_3.mp4,up,0.09145330129281799,0.20946986830960315,0.13818627140407416,2.3,0.7
squat_right_3.mp4,middle,0.0890582035968484,0.210995900709843,0.15131451390830675,2.4,0.7
squat_right_3.mp4,down,0.08599078866766163,0.21666802093119963,0.15747172518776759,2.5,0.7
squat_right_3.mp4,down,0.08210893289684135,0.21470340931061058,0.15717598405052938,2.6,0.7
squat_right_3.mp4,down,0.0813661584731021,0.21777843652521445,0.15620071000526578,2.7,0.7
squat_right_3.mp4,down,0.08130611483206102,0.21866707278855396,0.15431933458635375,2.7,0.7
squat_right_3.mp4,down,0.08159754794989264,0.21728366527193738,0.1517734445257723,2.7,0.7
squat_right_3.mp4,down,0.08065484987381429,0.21403368813066198,0.15119936671354972,2.7,0.7
squat_right_3.mp4,down,0.08064266359970172,0.21161714795032324,0.1527577745757586,2.6,0.7
squat_right_3.mp4,down,0.07913410295502891,0.2134579405438527,0.15311594166669645,2.7,0.7
squat_right_3.mp4,down,0.0783560859377807,0.21782549050899144,0.15401838227486161,2.8,0.7
squat_right_3.mp4,middle,0.08225346504097873,0.2175166098823352,0.15055618874561547,2.6,0.7
squat_right_3.mp4,up,0.08701087009240767,0.2145395186157916,0.14557932656141379,2.5,0.7
squat_right_3.mp4,up,0.08986783036490897,0.21338393688876572,0.1342687723438055,2.4,0.6
squat_right_3.mp4,up,0.09085929999269034,0.21050039419847627,0.11809667337118292,2.3,0.6
squat_right_3.mp4,up,0.0913205803881442,0.20908189346157433,0.11675457314217627,2.3,0.6
squat_right_3.mp4,up,0.09143141365492564,0.21026228396358468,0.11765034820024999,2.3,0.6
squat_right_3.mp4,up,0.09169161519380889,0.2102312460735494,0.11765364004600865,2.3,0.6
squat_right_3.mp4,up,0.09173813499156169,0.21061286832514017,0.11853194370704538,2.3,0.6
squat_right_3.mp4,up,0.09103977774730118,0.20696249271499362,0.11888053439920662,2.3,0.6
squat_right_3.mp4,up,0.09098628907085476,0.20771603383252402,0.122457117599495,2.3,0.6
squat_right_3.mp4,up,0.09051200869254811,0.21087819910208672,0.13407933684540047,2.3,0.6
squat_right_3.mp4,middle,0.0877128248506303,0.21036178406432923,0.14492924067520602,2.4,0.7
squat_right_3.mp4,down,0.08433704282493448,0.21495538988928162,0.1514074233467332,2.5,0.7
squat_right_3.mp4,down,0.08149040053027704,0.21551971045251744,0.15698210665559947,2.6,0.7
squat_right_3.mp4,down,0.08125244690005347,0.21992738868251296,0.15630706153341967,2.7,0.7
squat_right_3.mp4,down,0.08218488682121232,0.21994141980378804,0.15554229097011768,2.7,0.7
squat_right_3.mp4,down,0.0818832380470405,0.22064866028798533,0.15382084576682709,2.7,0.7
squat_right_3.mp4,down,0.08175297704549121,0.2193468388265575,0.15263732091134255,2.7,0.7
squat_right_3.mp4,down,0.08081332843289032,0.2148489178893597,0.1518315547828077,2.7,0.7
squat_right_3.mp4,down,0.0796272234961236,0.2141141997419522,0.15183976965270649,2.7,0.7
squat_right_4.mp4,middle,0.0965419187766992,0.15180253048277764,0.12166847731879797,1.6,0.8
squat_right_4.mp4,up,0.08978656959347757,0.15065519452145654,0.11140904775150914,1.7,0.7
squat_right_4.mp4,up,0.09145499474590628,0.1586471391798152,0.10467185651029531,1.7,0.7
squat_right_4.mp4,up,0.08954155845395266,0.1616526541418221,0.09150595663133765,1.8,0.6
squat_right_4.mp4,up,0.0905570452168861,0.16094896300419856,0.09042935743277863,1.8,0.6
squat_right_4.mp4,up,0.0933641447356574,0.16175550639381467,0.09076006132594186,1.7,0.6
squat_right_4.mp4,up,0.09197765348277016,0.1635347944085058,0.09028287780978447,1.8,0.6
squat_right_4.mp4,up,0.09248845372741626,0.1639330533574072,0.08886236794757059,1.8,0.5
squat_right_4.mp4,up,0.09335760947116511,0.16234451263998564,0.08767940664797617,1.7,0.5
squat_right_4.mp4,up,0.09402141067033898,0.1596179810282775,0.08815328678110582,1.7,0.6
squat_right_4.mp4,up,0.09398994855959905,0.15921536765516406,0.086233791078222,1.7,0.5
squat_right_4.mp4,up,0.0932910175613349,0.1580571717330028,0.08539027994267877,1.7,0.5
squat_right_4.mp4,up,0.09340682846332225,0.15747179846359072,0.08729606203836923,1.7,0.6
squat_right_4.mp4,up,0.09345867185168674,0.15840300670935192,0.0880131444439665,1.7,0.6
squat_right_4.mp4,up,0.09416589726215525,0.1557577722637058,0.09060613506255139,1.7,0.6
squat_right_4.mp4,up,0.09471272699187787,0.1519160863756612,0.09861555901052023,1.6,0.6
squat_right_4.mp4,up,0.09555916312504642,0.14976806476202897,0.10292340511303304,1.6,0.7
squat_right_4.mp4,up,0.0993468957875622,0.14590071420158662,0.10480854696116929,1.5,0.7
squat_right_4.mp4,up,0.09822065479816484,0.14694586460676617,0.10771114231182381,1.5,0.7
squat_right_4.mp4,up,0.09756780152374443,0.1430645762297803,0.10985058217284352,1.5,0.8
squat_right_4.mp4,up,0.09680904820430493,0.1372283054971338,0.11089508325802389,1.4,0.8
squat_right_4.mp4,up,0.09421144858329511,0.1455032367222292,0.11431700697603328,1.5,0.8
squat_right_4.mp4,middle,0.09210603786065188,0.1475949111903281,0.11685203201288502,1.6,0.8
squat_right_4.mp4,middle,0.09320563528027206,0.14565591071168313,0.11678048066022995,1.6,0.8
squat_right_4.mp4,middle,0.09328608504239733,0.15389497500599858,0.11797109079676693,1.6,0.8
squat_right_4.mp4,middle,0.09304408764986537,0.15899439087826905,0.12242060162605192,1.7,0.8
squat_right_4.mp4,middle,0.09350389857391125,0.15863642475051912,0.12424673903156457,1.7,0.8
squat_right_4.mp4,middle,0.09660722355383464,0.15807008741412795,0.12530770179026535,1.6,0.8
squat_right_4.mp4,middle,0.09581764559686809,0.15859204011487443,0.12331787786238957,1.7,0.8
squat_right_4.mp4,down,0.09501332237204438,0.15509197896889604,0.12240495436481387,1.6,0.8
squat_right_4.mp4,down,0.09532955182789127,0.15975871356646154,0.12222238035348315,1.7,0.8
squat_right_4.mp4,down,0.0949955396377905,0.15853639458893118,0.12070425116686975,1.7,0.8
squat_right_4.mp4,down,0.09468845963687943,0.15476632355144013,0.12028508146087213,1.6,0.8
squat_right_4.mp4,down,0.09393367763486855,0.15633515471151604,0.11938934133481491,1.7,0.8
squat_right_4.mp4,down,0.0958095020474235,0.1549517933507914,0.11915528227415306,1.6,0.8
squat_right_4.mp4,down,0.09390529063508557,0.15444079086717846,0.11966196414578388,1.6,0.8
squat_right_4.mp4,down,0.09521237208215105,0.1562326020603088,0.12481308525327243,1.6,0.8
squat_right_4.mp4,middle,0.09248823779658545,0.154245481213255,0.13239538853868157,1.7,0.9
squat_right_4.mp4,middle,0.0962025025786615,0.15479346049072887,0.13397645564056287,1.6,0.9
squat_right_4.mp4,middle,0.09155144384418404,0.15191066686902574,0.13234711213296352,1.7,0.9
squat_right_4.mp4,up,0.08704048077892491,0.15187650121139515,0.12575224598108306,1.7,0.8
squat_right_4.mp4,up,0.09196963922527863,0.1491749960993752,0.11609672328168014,1.6,0.8
squat_right_4.mp4,up,0.09164877284354075,0.15267412455397777,0.10897285638512923,1.7,0.7
squat_right_4.mp4,up,0.09160780378308597,0.1536404905899781,0.10178791898016555,1.7,0.7
squat_right_4.mp4,up,0.09253745306751424,0.15859196064887232,0.09415108856937407,1.7,0.6
squat_right_4.mp4,up,0.09221454578399516,0.1607826966164739,0.09100496334796405,1.7,0.6
squat_right_4.mp4,up,0.09143448674712328,0.1615758302078064,0.0916806707159453,1.8,0.6
squat_right_4.mp4,up,0.09284427500744637,0.16085989156655156,0.08711821061906011,1.7,0.5
squat_right_4.mp4,up,0.09275762026583977,0.1604147546582863,0.08513344857202278,1.7,0.5
squat_right_4.mp4,up,0.09274608824199077,0.1565940893397265,0.08574686668835721,1.7,0.5
squat_right_4.mp4,up,0.09188729268872531,0.1566013556630695,0.08525966496740937,1.7,0.5
squat_right_4.mp4,up,0.09124033604129062,0.15068749129031608,0.08732541623886131,1.7,0.6
squat_right_4.mp4,up,0.09152391433314977,0.1489475845697191,0.08727007968890232,1.6,0.6
squat_right_4.mp4,up,0.09187093832233317,0.14934273737886886,0.08916042272474284,1.6,0.6
squat_right_4.mp4,up,0.09266794474463434,0.14942020021317337,0.09120801254378219,1.6,0.6
squat_right_4.mp4,up,0.09553589950291166,0.15039337835955482,0.09518410492133142,1.6,0.6
squat_right_4.mp4,up,0.09612691224612933,0.1488555372911436,0.0972176560901918,1.5,0.7
squat_right_4.mp4,up,0.09820721077156692,0.14984989281290068,0.09934871364958395,1.5,0.7
squat_right_4.mp4,up,0.09633633775576991,0.15110851491661823,0.10121244268313084,1.6,0.7
squat_right_4.mp4,up,0.09692450464001534,0.14859887062152013,0.10171765083900734,1.5,0.7
squat_right_4.mp4,up,0.0970806538748347,0.1500793753558293,0.10716087501471726,1.5,0.7
squat_right_4.mp4,up,0.09722113368546721,0.15314569546063542,0.11357307938286955,1.6,0.7
squat_right_4.mp4,up,0.09452055556219484,0.14905737599612978,0.11746524428676651,1.6,0.8
squat_right_4.mp4,middle,0.09442728647026076,0.1501984448167831,0.11886582635216719,1.6,0.8
squat_right_4.mp4,middle,0.09342235172905958,0.1518199163391786,0.12218425725878508,1.6,0.8
squat_right_4.mp4,middle,0.09249280266199177,0.15826724179880738,0.12347012486972417,1.7,0.8
squat_right_4.mp4,middle,0.09388800952508881,0.15919992606004757,0.1253043846469476,1.7,0.8
squat_right_4.mp4,middle,0.09672120071045529,0.15693027361820966,0.1253093408164256,1.6,0.8
squat_right_4.mp4,middle,0.09580921309815332,0.15294582840502918,0.12403346148855882,1.6,0.8
squat_right_4.mp4,down,0.09592452787337456,0.15318367347705042,0.1229941647479817,1.6,0.8
squat_right_4.mp4,down,0.09560204558468055,0.154223050278549,0.1241980565143859,1.6,0.8
squat_right_4.mp4,down,0.09480064109692385,0.15441422310344177,0.12189352577088604,1.6,0.8
squat_right_4.mp4,down,0.09566306429655609,0.15461941318056913,0.12057496990104292,1.6,0.8
squat_right_4.mp4,down,0.0968970255331127,0.15385828478551614,0.12061403617344403,1.6,0.8
squat_right_4.mp4,down,0.0960987126438978,0.15023932825321745,0.12042328305475022,1.6,0.8
squat_right_4.mp4,down,0.0971165905697344,0.15037975918337992,0.12169735627247479,1.5,0.8
squat_right_4.mp4,middle,0.09394675902427266,0.14971156243878384,0.1226580352054957,1.6,0.8
squat_right_4.mp4,middle,0.09427630883988815,0.14924650561195027,0.12355782403228696,1.6,0.8
squat_right_4.mp4,middle,0.09484879770342772,0.15186922409563766,0.11838098145317438,1.6,0.8
squat_right_4.mp4,middle,0.09291262222137572,0.1529122589399522,0.11544040297907854,1.6,0.8
squat_right_4.mp4,up,0.09121779876832847,0.15503339989922094,0.1147377880779912,1.7,0.7
squat_right_4.mp4,up,0.09335741918964113,0.1450785499801801,0.11056633449607599,1.6,0.8
squat_right_4.mp4,up,0.09110903992260051,0.15074795713428205,0.10116464607973324,1.7,0.7
squat_right_4.mp4,up,0.09046707256658734,0.15596684556704093,0.09366547538715152,1.7,0.6
squat_right_4.mp4,up,0.09178235050114693,0.15718994114767962,0.0919092556583032,1.7,0.6
squat_right_4.mp4,up,0.09094329807688514,0.1621450442710559,0.0913896692131499,1.8,0.6
squat_right_4.mp4,up,0.09187306550679439,0.1615310253012583,0.09047737620159164,1.8,0.6
squat_right_4.mp4,up,0.09238187209217637,0.1619223788892478,0.08261289278279511,1.8,0.5
squat_right_4.mp4,up,0.09105794317176165,0.1594642885852175,0.07921739716651456,1.8,0.5
squat_right_4.mp4,up,0.09121590464031536,0.15893257471983177,0.0767455763682989,1.7,0.5
squat_right_4.mp4,up,0.08975795955942846,0.15534581520817325,0.07188143293785665,1.7,0.5
squat_right_4.mp4,up,0.08857576400904281,0.14601238876545586,0.07375639717248918,1.6,0.5
squat_right_4.mp4,up,0.08897034114636317,0.14801276636762922,0.07515030297066566,1.7,0.5
squat_right_4.mp4,up,0.08913301357891494,0.14918431175226327,0.07297539311850454,1.7,0.5
squat_right_4.mp4,up,0.08887636391166187,0.15058766615735217,0.07360246068207178,1.7,0.5
squat_right_4.mp4,up,0.0882131570559608,0.15429266257474192,0.07091670713491914,1.7,0.5
squat_right_4.mp4,up,0.08814112189399079,0.15385239730829608,0.07088471103043875,1.7,0.5
squat_right_4.mp4,up,0.08814232278906076,0.15169018736763532,0.07118975008385198,1.7,0.5
squat_right_4.mp4,up,0.08842195952272576,0.14947426130746452,0.07194876602579196,1.7,0.5
squat_right_4.mp4,up,0.0892634931727833,0.14846676185977134,0.07605897204939556,1.7,0.5
squat_right_4.mp4,up,0.09021173364802183,0.14741249401827713,0.07602796631152546,1.6,0.5
squat_right_4.mp4,up,0.09070572123784038,0.14706476384816694,0.07449006826747925,1.6,0.5
squat_right_4.mp4,up,0.09111723871770608,0.14712244477079894,0.07363676537962116,1.6,0.5
squat_right_4.mp4,up,0.09118821364147751,0.14695620124033829,0.07382429138029538,1.6,0.5
squat_right_4.mp4,up,0.090761887335276,0.14669131421961187,0.07278594082884356,1.6,0.5
squat_right_4.mp4,up,0.09050458498959431,0.1488529718008739,0.07217149624884958,1.6,0.5
squat_right_4.mp4,up,0.09039597341228658,0.14597514738000908,0.07231217850406778,1.6,0.5
squat_right_4.mp4,up,0.09028017683405065,0.14466389210283626,0.073666647485075,1.6,0.5
squat_right_4.mp4,up,0.09160738912347796,0.14712241036447146,0.07724114303827072,1.6,0.5
squat_right_4.mp4,up,0.09201866417909725,0.15433367298822917,0.08852571284454766,1.7,0.6
squat_right_4.mp4,up,0.09278508324189852,0.15856814239448794,0.08805881600735532,1.7,0.6
squat_right_4.mp4,up,0.09252241132294511,0.16160405047891802,0.09212758075462417,1.7,0.6
squat_right_4.mp4,up,0.0927611081482259,0.15429961554647975,0.09265926233312817,1.7,0.6
squat_right_4.mp4,up,0.09441151399197431,0.15164542295877578,0.09047531378322304,1.6,0.6
squat_right_4.mp4,up,0.09609547666832857,0.1533983084116896,0.09432826943099568,1.6,0.6
squat_right_4.mp4,up,0.09766804992722374,0.15556521197922832,0.0965935201750014,1.6,0.6
squat_right_4.mp4,up,0.09632023956378197,0.15352609199106715,0.09893800899444935,1.6,0.6
squat_right_4.mp4,up,0.09391257952146821,0.15483991426666638,0.10242252553919592,1.6,0.7
squat_right_4.mp4,up,0.09398717277604499,0.15284015715562443,0.10468311513801892,1.6,0.7
squat_right_4.mp4,up,0.09292556115625503,0.15552676979484126,0.10695332361024837,1.7,0.7
squat_right_4.mp4,up,0.0922834280869321,0.148230706029183,0.11116251569297507,1.6,0.7
squat_right_4.mp4,up,0.09288296870351745,0.14889351711317395,0.11681386906744803,1.6,0.8
squat_right_4.mp4,middle,0.09380325616161435,0.1475162438173147,0.1168481048976585,1.6,0.8
squat_right_4.mp4,middle,0.09309708635522485,0.1501915212556273,0.11840813961412408,1.6,0.8
squat_right_4.mp4,middle,0.09458045400730106,0.15535053787127515,0.1189922406299408,1.6,0.8
squat_right_4.mp4,middle,0.0942686349303643,0.15653437941390283,0.12117271401074105,1.7,0.8
squat_right_4.mp4,middle,0.09422094795189093,0.1539247502495952,0.12291286357549282,1.6,0.8
squat_right_4.mp4,middle,0.09451892286213612,0.15525086850677863,0.12325639790339181,1.6,0.8
squat_right_4.mp4,middle,0.09462305721915518,0.1516099074651709,0.12280414054769387,1.6,0.8
squat_right_4.mp4,down,0.0946613167670065,0.15536347169151285,0.12246143327996378,1.6,0.8
squat_right_4.mp4,down,0.09525335366857302,0.15476729212943588,0.12185994339986574,1.6,0.8
squat_right_4.mp4,down,0.09498549907735132,0.15192069266907707,0.1200212026334306,1.6,0.8
squat_right_4.mp4,down,0.09564193434072915,0.1482224300625753,0.11807500601196622,1.5,0.8
squat_right_4.mp4,down,0.09579988212886482,0.15208545616353686,0.1206689522270203,1.6,0.8
squat_right_4.mp4,down,0.0959958514398519,0.15355206932213938,0.12073162058100853,1.6,0.8
squat_right_4.mp4,down,0.09771655254715705,0.15234765535786915,0.12063477189310479,1.6,0.8
squat_right_4.mp4,down,0.09621189037362222,0.15068134839474648,0.11989159538836863,1.6,0.8
squat_right_4.mp4,down,0.09390807692865172,0.15136984406016754,0.11987427945472261,1.6,0.8
squat_right_4.mp4,middle,0.09237569021231548,0.15074840749359952,0.11812093704010676,1.6,0.8
squat_right_4.mp4,middle,0.09082549607599893,0.1546978596696449,0.11886580858247801,1.7,0.8
squat_right_4.mp4,middle,0.09091996792311838,0.15489226742804676,0.11867466176659379,1.7,0.8
squat_right_4.mp4,middle,0.0873786795487777,0.15517870851545737,0.11670717364128673,1.8,0.8
squat_right_4.mp4,up,0.08881684196555671,0.1513291931050554,0.11349129283390974,1.7,0.7
squat_right_4.mp4,up,0.08929967954375015,0.1481290292622827,0.11335216434791484,1.7,0.8
squat_right_4.mp4,up,0.08881306221916586,0.15686112924443635,0.10644961422637746,1.8,0.7
squat_right_4.mp4,up,0.08972529452732668,0.15967836880358696,0.09856957856006644,1.8,0.6
squat_right_4.mp4,up,0.09007713935412492,0.15651946823205337,0.09266019996132539,1.7,0.6
squat_right_4.mp4,up,0.0894780892008688,0.15721802573826596,0.09066613098569626,1.8,0.6
squat_right_4.mp4,up,0.09255815007541383,0.15815972771802977,0.09179295151689372,1.7,0.6
squat_right_4.mp4,up,0.09275770858452896,0.15880794412036034,0.0870556048631882,1.7,0.5
squat_right_4.mp4,up,0.09191731439086138,0.15737477509213385,0.08536138783731335,1.7,0.5
squat_right_4.mp4,up,0.09098713102868393,0.1527462046222802,0.08465133286005143,1.7,0.6
squat_right_4.mp4,up,0.0908239705008311,0.1510840959828454,0.0863845060803281,1.7,0.6
squat_right_4.mp4,up,0.09075002805854358,0.1492562897832494,0.08432034774609912,1.6,0.6
squat_right_4.mp4,up,0.09105483998171099,0.1514603562016407,0.08399185929540202,1.7,0.6
squat_right_4.mp4,up,0.09154930711614756,0.15580726314999763,0.08749296060805013,1.7,0.6
squat_right_4.mp4,up,0.09155229131463775,0.15920564133863502,0.08918968261389856,1.7,0.6
squat_right_4.mp4,up,0.0921743214458936,0.16092182823088003,0.09079134727395223,1.7,0.6
squat_right_4.mp4,up,0.09253611933573043,0.15876445404066383,0.09009186158103824,1.7,0.6
squat_right_4.mp4,up,0.09311655552622203,0.15913827406686706,0.08929462277069551,1.7,0.6
squat_right_4.mp4,up,0.0931602636380732,0.15928388189218584,0.09025474749263894,1.7,0.6
squat_right_4.mp4,up,0.09272729641214464,0.15772441810812937,0.0906278667922908,1.7,0.6
squat_right_4.mp4,up,0.09268677473276142,0.15664490941377296,0.08911471060511876,1.7,0.6
squat_right_4.mp4,up,0.0931123841671778,0.15637787578943066,0.08856745228438297,1.7,0.6
squat_right_4.mp4,up,0.09330340373099588,0.1569541657412789,0.0885878868991567,1.7,0.6
squat_right_4.mp4,up,0.09378120205715117,0.15747138709375377,0.08937483898480623,1.7,0.6
squat_right_4.mp4,up,0.09394193787013833,0.15731999509639677,0.09043566757437237,1.7,0.6
squat_right_4.mp4,up,0.09441499157173301,0.15759457246310746,0.09260637426479931,1.7,0.6
squat_right_4.mp4,up,0.09483583311663352,0.15983079528580055,0.09591712708591335,1.7,0.6
squat_right_4.mp4,up,0.09480501201185763,0.15734890743512397,0.09604855664597381,1.7,0.6
squat_right_4.mp4,up,0.09635930489324353,0.15596477404206766,0.0943380421089628,1.6,0.6
squat_right_4.mp4,up,0.097105167551955,0.14787939234997385,0.09263613049469958,1.5,0.6
squat_right_4.mp4,up,0.09684736870794122,0.15579134770891082,0.09106275318016438,1.6,0.6
squat_right_4.mp4,up,0.09745785583173845,0.1563327122155017,0.09227168201178586,1.6,0.6
squat_right_4.mp4,up,0.09491460993176248,0.15018494118973472,0.09471090745577868,1.6,0.6
squat_right_4.mp4,up,0.09390542349444421,0.155913232495551,0.09713093431900009,1.7,0.6
squat_right_4.mp4,up,0.09443427232065087,0.1569810827548176,0.10183070012507994,1.7,0.6
squat_right_4.mp4,up,0.0963610735455057,0.15555493401970288,0.10927580822158554,1.6,0.7
squat_right_4.mp4,up,0.09755756690726002,0.15538664484659964,0.11090271434314608,1.6,0.7
squat_right_4.mp4,up,0.09781033121879572,0.15537932634022614,0.11191523248664646,1.6,0.7
squat_right_4.mp4,middle,0.09787015135079626,0.15574699059984662,0.1151823621735567,1.6,0.7
squat_right_4.mp4,middle,0.0996346004555763,0.1550821476488537,0.11929329292568519,1.6,0.8
squat_right_4.mp4,middle,0.09832647477251756,0.15824582469574666,0.11910837101602317,1.6,0.8
squat_right_4.mp4,middle,0.09754543862179237,0.1607268845693594,0.1208474128669792,1.6,0.8
squat_right_4.mp4,middle,0.09693642487560261,0.16112163684648342,0.12387732886979591,1.7,0.8
squat_right_4.mp4,middle,0.09490701306019982,0.16435425107284893,0.1260911833484517,1.7,0.8
squat_right_4.mp4,down,0.09572257577426273,0.15942687326573257,0.12617611185860764,1.7,0.8
squat_right_4.mp4,down,0.09557234432037227,0.1558501528465984,0.1235908779296982,1.6,0.8
squat_right_4.mp4,down,0.09658966442153517,0.14857967526645752,0.12149333591204887,1.5,0.8
squat_right_4.mp4,down,0.09947487739046466,0.1544100925261645,0.12243057076893744,1.6,0.8
squat_right_4.mp4,down,0.09959637790956691,0.15416776703742116,0.12514664295137365,1.5,0.8
squat_right_4.mp4,down,0.0977084831630761,0.15414750862472262,0.12470845098116352,1.6,0.8
squat_right_4.mp4,down,0.09456883651070025,0.1555739820102888,0.1235889839380412,1.6,0.8
squat_right_4.mp4,down,0.09241623070227566,0.15548348185785604,0.12343498016162062,1.7,0.8
squat_right_4.mp4,middle,0.09292793770166477,0.15407326444814068,0.12154411961675418,1.7,0.8
squat_right_4.mp4,middle,0.09365180087733423,0.14853451526565695,0.1195874238533144,1.6,0.8
squat_right_4.mp4,middle,0.09292494152182042,0.14830330516437615,0.11865707900557874,1.6,0.8
squat_right_4.mp4,middle,0.08734933506724482,0.15162096076679168,0.11539839323832833,1.7,0.8
squat_right_4.mp4,up,0.08718572882845106,0.147463873094038,0.11212714845913277,1.7,0.8
squat_right_4.mp4,up,0.0894294813799207,0.15313929307327684,0.10925015012882798,1.7,0.7
squat_right_4.mp4,up,0.09005896401873452,0.15266514107459436,0.1041256776838326,1.7,0.7
squat_right_4.mp4,up,0.08955603360185913,0.15459965957559685,0.09733098327806972,1.7,0.6
squat_right_4.mp4,up,0.08954378117033876,0.15811710786239563,0.09471567923544501,1.8,0.6
